{
  "db_name": "PostgreSQL",
  "query": "\n                INSERT INTO iam.user (user__id, email, password, first_name, last_name, email_verified_at)\n                VALUES ($1, $2, $3, $4, $5, statement_timestamp())\n            ",
  "describe": {
    "columns": [],
    "parameters": {
      "Left": [
        "Uuid",
        "Text",
        "Text",
        "Text",
        "Text"
      ]
    },
    "nullable": []
  },
  "hash": "0f9572bbc6f392af30270102c52097dcc4fceaba6112b78d6f2dc4b56c875776"
}
