{
  "db_name": "PostgreSQL",
  "query": "\n            SELECT name, token, created_at, deleted_at\n            FROM event.application_secret\n            WHERE application__id = $1 AND token = $2\n        ",
  "describe": {
    "columns": [
      {
        "ordinal": 0,
        "name": "name",
        "type_info": "Text"
      },
      {
        "ordinal": 1,
        "name": "token",
        "type_info": "Uuid"
      },
      {
        "ordinal": 2,
        "name": "created_at",
        "type_info": "Timestamptz"
      },
      {
        "ordinal": 3,
        "name": "deleted_at",
        "type_info": "Timestamptz"
      }
    ],
    "parameters": {
      "Left": [
        "Uuid",
        "Uuid"
      ]
    },
    "nullable": [
      true,
      false,
      false,
      true
    ]
  },
  "hash": "e381dee2ce7ea6b771536e80b5e239f360f76e7172dc3a368da140a73cdec9be"
}
