{
  "db_name": "PostgreSQL",
  "query": "\n            SELECT w.name AS \"name!\"\n            FROM infrastructure.worker AS w\n            LEFT JOIN iam.organization__worker AS aw ON aw.worker__id = w.worker__id\n            WHERE aw.organization__id = $1 OR w.public\n        ",
  "describe": {
    "columns": [
      {
        "ordinal": 0,
        "name": "name!",
        "type_info": "Text"
      }
    ],
    "parameters": {
      "Left": [
        "Uuid"
      ]
    },
    "nullable": [
      true
    ]
  },
  "hash": "77452fef25480605139b19811aa43fc2d996c327e852c356cd5844d272884b59"
}
