{
  "db_name": "PostgreSQL",
  "query": "\n                            SELECT a.events_per_day_limit AS val\n                            FROM event.application AS a\n                            INNER JOIN iam.organization AS o ON o.organization__id = a.organization__id\n                            LEFT JOIN pricing.price AS pr ON pr.price__id = o.price__id\n                            LEFT JOIN pricing.plan AS p ON p.plan__id = pr.plan__id\n                            WHERE a.application__id = $1\n                        ",
  "describe": {
    "columns": [
      {
        "ordinal": 0,
        "name": "val",
        "type_info": "Int4"
      }
    ],
    "parameters": {
      "Left": [
        "Uuid"
      ]
    },
    "nullable": [
      true
    ]
  },
  "hash": "6836bedbf2ec3569f42f7cfe5510300364a0cd48619219c709f37a5d910cff2d"
}
