{
  "db_name": "PostgreSQL",
  "query": "\n                            SELECT p.applications_per_organization_limit AS val\n                            FROM iam.organization AS o\n                            LEFT JOIN pricing.price AS pr ON pr.price__id = o.price__id\n                            LEFT JOIN pricing.plan AS p ON p.plan__id = pr.plan__id\n                            WHERE o.organization__id = $1\n                        ",
  "describe": {
    "columns": [
      {
        "ordinal": 0,
        "name": "val",
        "type_info": "Int4"
      }
    ],
    "parameters": {
      "Left": [
        "Uuid"
      ]
    },
    "nullable": [
      true
    ]
  },
  "hash": "bce7a63a5f231832e0f176b83117d506b8101a509565eec33f31c588ecae3ca9"
}
