{
  "db_name": "PostgreSQL",
  "query": "\n                INSERT INTO event.event_type (application__id, service__name, resource_type__name, verb__name)\n                VALUES ($1, $2, $3, $4)\n                ON CONFLICT (application__id, event_type__name) DO UPDATE SET deactivated_at = NULL\n                RETURNING service__name AS service_name, resource_type__name AS resource_type_name, verb__name AS verb_name, event_type__name AS event_type_name\n            ",
  "describe": {
    "columns": [
      {
        "ordinal": 0,
        "name": "service_name",
        "type_info": "Text"
      },
      {
        "ordinal": 1,
        "name": "resource_type_name",
        "type_info": "Text"
      },
      {
        "ordinal": 2,
        "name": "verb_name",
        "type_info": "Text"
      },
      {
        "ordinal": 3,
        "name": "event_type_name",
        "type_info": "Text"
      }
    ],
    "parameters": {
      "Left": [
        "Uuid",
        "Text",
        "Text",
        "Text"
      ]
    },
    "nullable": [
      false,
      false,
      false,
      false
    ]
  },
  "hash": "32051d3761c1597087623bd48ecc3a0e367e214b29d7e819563d6fb83243538e"
}
