{
  "db_name": "PostgreSQL",
  "query": "\n            UPDATE iam.token\n            SET name = $1\n            WHERE token__id = $2\n                AND type = 'service_access'\n                AND organization__id = $3\n                AND (expired_at IS NULL OR expired_at > statement_timestamp())\n            RETURNING token__id AS token_id, name AS \"name!\", biscuit AS \"biscuit!\", created_at\n        ",
  "describe": {
    "columns": [
      {
        "ordinal": 0,
        "name": "token_id",
        "type_info": "Uuid"
      },
      {
        "ordinal": 1,
        "name": "name!",
        "type_info": "Text"
      },
      {
        "ordinal": 2,
        "name": "biscuit!",
        "type_info": "Text"
      },
      {
        "ordinal": 3,
        "name": "created_at",
        "type_info": "Timestamptz"
      }
    ],
    "parameters": {
      "Left": [
        "Text",
        "Uuid",
        "Uuid"
      ]
    },
    "nullable": [
      false,
      true,
      true,
      false
    ]
  },
  "hash": "04b44cb9810bc7cb52aa6d534b0542e55001992b51910e3d654a1e2d27730196"
}
