{
  "db_name": "PostgreSQL",
  "query": "\n                        INSERT INTO webhook.subscription__worker (subscription__id, worker__id)\n                        SELECT $1, infrastructure.worker.worker__id\n                        FROM infrastructure.worker\n                        WHERE infrastructure.worker.name = $2\n                    ",
  "describe": {
    "columns": [],
    "parameters": {
      "Left": [
        "Uuid",
        "Text"
      ]
    },
    "nullable": []
  },
  "hash": "22332a636a04cde36078849495806136f497a31c8d13d801bce75fe3b020f5aa"
}
