{
  "db_name": "PostgreSQL",
  "query": "\n                INSERT INTO iam.user (user__id, email, password, first_name, last_name)\n                VALUES ($1, $2, $3, $4, $5)\n                ON CONFLICT (email) DO NOTHING\n            ",
  "describe": {
    "columns": [],
    "parameters": {
      "Left": [
        "Uuid",
        "Text",
        "Text",
        "Text",
        "Text"
      ]
    },
    "nullable": []
  },
  "hash": "bed0e514e38f0a47ce486de200e423ad039b513f78ce97081688d20fea2d536e"
}
