{
  "db_name": "PostgreSQL",
  "query": "\n                            SELECT p.members_per_organization_limit AS val\n                            FROM iam.organization AS o\n                            LEFT JOIN pricing.price AS pr ON pr.price__id = o.price__id\n                            LEFT JOIN pricing.plan AS p ON p.plan__id = pr.plan__id\n                            WHERE o.organization__id = $1\n                        ",
  "describe": {
    "columns": [
      {
        "ordinal": 0,
        "name": "val",
        "type_info": "Int4"
      }
    ],
    "parameters": {
      "Left": [
        "Uuid"
      ]
    },
    "nullable": [
      true
    ]
  },
  "hash": "dc40dd866b33e88f67ff24b5427f163d938acdb8812a430b571dfb07945c1451"
}
