{
  "db_name": "PostgreSQL",
  "query": "\n            SELECT role\n            FROM iam.user__organization\n            WHERE user__id = $1\n                AND organization__id = $2\n        ",
  "describe": {
    "columns": [
      {
        "ordinal": 0,
        "name": "role",
        "type_info": "Text"
      }
    ],
    "parameters": {
      "Left": [
        "Uuid",
        "Uuid"
      ]
    },
    "nullable": [
      false
    ]
  },
  "hash": "294f1a44517c4e35e864d308ddddd354aca40744b7b651cdcac5492f705e677c"
}
