{
  "db_name": "PostgreSQL",
  "query": "\n                    UPDATE webhook.subscription\n                    SET is_enabled = $1, description = $2, metadata = $3, label_key = $4, label_value = $5\n                    WHERE subscription__id = $6 AND application__id = $7 AND deleted_at IS NULL\n                    RETURNING subscription__id, is_enabled, description, secret, metadata, label_key, label_value, target__id, created_at\n                ",
  "describe": {
    "columns": [
      {
        "ordinal": 0,
        "name": "subscription__id",
        "type_info": "Uuid"
      },
      {
        "ordinal": 1,
        "name": "is_enabled",
        "type_info": "Bool"
      },
      {
        "ordinal": 2,
        "name": "description",
        "type_info": "Text"
      },
      {
        "ordinal": 3,
        "name": "secret",
        "type_info": "Uuid"
      },
      {
        "ordinal": 4,
        "name": "metadata",
        "type_info": "Jsonb"
      },
      {
        "ordinal": 5,
        "name": "label_key",
        "type_info": "Text"
      },
      {
        "ordinal": 6,
        "name": "label_value",
        "type_info": "Text"
      },
      {
        "ordinal": 7,
        "name": "target__id",
        "type_info": "Uuid"
      },
      {
        "ordinal": 8,
        "name": "created_at",
        "type_info": "Timestamptz"
      }
    ],
    "parameters": {
      "Left": [
        "Bool",
        "Text",
        "Jsonb",
        "Text",
        "Text",
        "Uuid",
        "Uuid"
      ]
    },
    "nullable": [
      false,
      false,
      true,
      false,
      false,
      false,
      false,
      false,
      false
    ]
  },
  "hash": "60323f5a3ce646aeed44d0cfeeea088301a2c7233c26b2455b3d97396dfda3ad"
}
