{
  "db_name": "PostgreSQL",
  "query": "\n            SELECT application__id AS application_id, organization__id AS organization_id, name\n            FROM event.application\n            WHERE application__id = $1\n        ",
  "describe": {
    "columns": [
      {
        "ordinal": 0,
        "name": "application_id",
        "type_info": "Uuid"
      },
      {
        "ordinal": 1,
        "name": "organization_id",
        "type_info": "Uuid"
      },
      {
        "ordinal": 2,
        "name": "name",
        "type_info": "Text"
      }
    ],
    "parameters": {
      "Left": [
        "Uuid"
      ]
    },
    "nullable": [
      false,
      false,
      false
    ]
  },
  "hash": "9ff1f54dc2b8e90b5b42e1578aa58aaba13d41a41821ba4961064142b53bc74a"
}
