{
  "db_name": "PostgreSQL",
  "query": "\n            SELECT COUNT(application__id) AS \"val!\"\n            FROM event.application\n            WHERE organization__id = $1\n        ",
  "describe": {
    "columns": [
      {
        "ordinal": 0,
        "name": "val!",
        "type_info": "Int8"
      }
    ],
    "parameters": {
      "Left": [
        "Uuid"
      ]
    },
    "nullable": [
      null
    ]
  },
  "hash": "aea89710529bfea5507a669c6d551ea6845e5d626b5beec0d95f34fdf190ffce"
}
