{
  "db_name": "PostgreSQL",
  "query": "\n            UPDATE event.application_secret\n            SET name = $1\n            WHERE application__id = $2 AND token = $3\n            RETURNING name, token, created_at, deleted_at\n        ",
  "describe": {
    "columns": [
      {
        "ordinal": 0,
        "name": "name",
        "type_info": "Text"
      },
      {
        "ordinal": 1,
        "name": "token",
        "type_info": "Uuid"
      },
      {
        "ordinal": 2,
        "name": "created_at",
        "type_info": "Timestamptz"
      },
      {
        "ordinal": 3,
        "name": "deleted_at",
        "type_info": "Timestamptz"
      }
    ],
    "parameters": {
      "Left": [
        "Text",
        "Uuid",
        "Uuid"
      ]
    },
    "nullable": [
      true,
      false,
      false,
      true
    ]
  },
  "hash": "e5fb21c429f81bfd746d494e1bec9cfc47bc480463be722ce6ed6c7eaef08fb5"
}
