{
  "db_name": "PostgreSQL",
  "query": "\n                INSERT INTO webhook.subscription (subscription__id, application__id, is_enabled, description, secret, metadata, label_key, label_value, target__id, created_at)\n                VALUES (public.gen_random_uuid(), $1, $2, $3, public.gen_random_uuid(), $4, $5, $6, public.gen_random_uuid(), statement_timestamp())\n                RETURNING subscription__id, is_enabled, description, secret, metadata, label_key, label_value, target__id, created_at\n            ",
  "describe": {
    "columns": [
      {
        "ordinal": 0,
        "name": "subscription__id",
        "type_info": "Uuid"
      },
      {
        "ordinal": 1,
        "name": "is_enabled",
        "type_info": "Bool"
      },
      {
        "ordinal": 2,
        "name": "description",
        "type_info": "Text"
      },
      {
        "ordinal": 3,
        "name": "secret",
        "type_info": "Uuid"
      },
      {
        "ordinal": 4,
        "name": "metadata",
        "type_info": "Jsonb"
      },
      {
        "ordinal": 5,
        "name": "label_key",
        "type_info": "Text"
      },
      {
        "ordinal": 6,
        "name": "label_value",
        "type_info": "Text"
      },
      {
        "ordinal": 7,
        "name": "target__id",
        "type_info": "Uuid"
      },
      {
        "ordinal": 8,
        "name": "created_at",
        "type_info": "Timestamptz"
      }
    ],
    "parameters": {
      "Left": [
        "Uuid",
        "Bool",
        "Text",
        "Jsonb",
        "Text",
        "Text"
      ]
    },
    "nullable": [
      false,
      false,
      true,
      false,
      false,
      false,
      false,
      false,
      false
    ]
  },
  "hash": "0bdbd8041fda6750113c1b50c28e5b827628cf5dec94c63f666ed62a0efea60d"
}
