{
  "db_name": "PostgreSQL",
  "query": "\n                UPDATE iam.token\n                SET expired_at = statement_timestamp()\n                WHERE user__id = $1\n                    AND expired_at > statement_timestamp()\n                    AND session_id = $2\n                    AND type IN ('user_access', 'refresh')\n            ",
  "describe": {
    "columns": [],
    "parameters": {
      "Left": [
        "Uuid",
        "Uuid"
      ]
    },
    "nullable": []
  },
  "hash": "95683d0d6c56d17adac84460c00bfe27c034582206d82909a98206ffd70d1ac6"
}
