{
  "db_name": "PostgreSQL",
  "query": "\n                SELECT event__id, event_type__name, payload, payload_content_type, ip, metadata, occurred_at, received_at, labels\n                FROM event.event\n                WHERE application__id = $1 AND event__id = $2\n            ",
  "describe": {
    "columns": [
      {
        "ordinal": 0,
        "name": "event__id",
        "type_info": "Uuid"
      },
      {
        "ordinal": 1,
        "name": "event_type__name",
        "type_info": "Text"
      },
      {
        "ordinal": 2,
        "name": "payload",
        "type_info": "Bytea"
      },
      {
        "ordinal": 3,
        "name": "payload_content_type",
        "type_info": "Text"
      },
      {
        "ordinal": 4,
        "name": "ip",
        "type_info": "Inet"
      },
      {
        "ordinal": 5,
        "name": "metadata",
        "type_info": "Jsonb"
      },
      {
        "ordinal": 6,
        "name": "occurred_at",
        "type_info": "Timestamptz"
      },
      {
        "ordinal": 7,
        "name": "received_at",
        "type_info": "Timestamptz"
      },
      {
        "ordinal": 8,
        "name": "labels",
        "type_info": "Jsonb"
      }
    ],
    "parameters": {
      "Left": [
        "Uuid",
        "Uuid"
      ]
    },
    "nullable": [
      false,
      false,
      false,
      false,
      false,
      true,
      false,
      false,
      false
    ]
  },
  "hash": "f4d12e7841e9a5a0ba4d8faf4fd76f225934fe97d9ad434988cd4aec0cb1475c"
}
