{
  "db_name": "PostgreSQL",
  "query": "\n            WITH retention AS (\n                SELECT a.application__id, MAKE_INTERVAL(days => COALESCE(LEAST(a.days_of_events_retention_limit, p.days_of_events_retention_limit), $1) + $2) AS events_retention_limit\n                FROM event.application AS a\n                INNER JOIN iam.organization AS o ON o.organization__id = a.organization__id\n                LEFT JOIN pricing.price AS pr ON pr.price__id = o.price__id\n                LEFT JOIN pricing.plan AS p ON p.plan__id = pr.plan__id\n            )\n            DELETE FROM event.event\n            WHERE event__id IN (\n                SELECT e.event__id\n                FROM event.event AS e\n                INNER JOIN retention AS r ON r.application__id = e.application__id\n                WHERE e.received_at + r.events_retention_limit < statement_timestamp()\n            );\n        ",
  "describe": {
    "columns": [],
    "parameters": {
      "Left": [
        "Int4",
        "Int4"
      ]
    },
    "nullable": []
  },
  "hash": "2f0bbc1778132762a9cac1cd73ae241177695c849574862aea89034511564929"
}
