{
  "db_name": "PostgreSQL",
  "query": "\n                SELECT user__id AS user_id, password AS password_hash, email, first_name, last_name, email_verified_at\n                FROM iam.user\n                WHERE user__id = $1\n            ",
  "describe": {
    "columns": [
      {
        "ordinal": 0,
        "name": "user_id",
        "type_info": "Uuid"
      },
      {
        "ordinal": 1,
        "name": "password_hash",
        "type_info": "Text"
      },
      {
        "ordinal": 2,
        "name": "email",
        "type_info": "Text"
      },
      {
        "ordinal": 3,
        "name": "first_name",
        "type_info": "Text"
      },
      {
        "ordinal": 4,
        "name": "last_name",
        "type_info": "Text"
      },
      {
        "ordinal": 5,
        "name": "email_verified_at",
        "type_info": "Timestamptz"
      }
    ],
    "parameters": {
      "Left": [
        "Uuid"
      ]
    },
    "nullable": [
      false,
      false,
      false,
      false,
      false,
      true
    ]
  },
  "hash": "5b75c4ac3e18d28edd77a7262f3a11234b0aeeb677e5aa43ac0ec632bf7360ff"
}
