{
  "db_name": "PostgreSQL",
  "query": "\n                UPDATE iam.user\n                SET email_verified_at = statement_timestamp()\n                WHERE user__id = $1 AND email_verified_at IS NULL\n                RETURNING user__id\n            ",
  "describe": {
    "columns": [
      {
        "ordinal": 0,
        "name": "user__id",
        "type_info": "Uuid"
      }
    ],
    "parameters": {
      "Left": [
        "Uuid"
      ]
    },
    "nullable": [
      false
    ]
  },
  "hash": "3b04663352f600159ea366c7113338f2195a5db8af111a942008913733c5d2aa"
}
