{
  "db_name": "PostgreSQL",
  "query": "\n            SELECT organization__id AS organization_id, role\n            FROM iam.user__organization\n            WHERE user__id = $1\n        ",
  "describe": {
    "columns": [
      {
        "ordinal": 0,
        "name": "organization_id",
        "type_info": "Uuid"
      },
      {
        "ordinal": 1,
        "name": "role",
        "type_info": "Text"
      }
    ],
    "parameters": {
      "Left": [
        "Uuid"
      ]
    },
    "nullable": [
      false,
      false
    ]
  },
  "hash": "321dc193086e03156fc37c864a4ca7ed890286463c508d0f8c0d690ddf21fa38"
}
