{
  "db_name": "PostgreSQL",
  "query": "\n            SELECT r.response__id, r.response_error__name, r.http_code, r.headers, r.body, r.elapsed_time_ms\n            FROM webhook.response AS r\n            INNER JOIN webhook.request_attempt AS ra ON ra.response__id = r.response__id\n            INNER JOIN webhook.subscription AS s ON s.subscription__id = ra.subscription__id\n            WHERE s.application__id = $1 AND r.response__id = $2\n        ",
  "describe": {
    "columns": [
      {
        "ordinal": 0,
        "name": "response__id",
        "type_info": "Uuid"
      },
      {
        "ordinal": 1,
        "name": "response_error__name",
        "type_info": "Text"
      },
      {
        "ordinal": 2,
        "name": "http_code",
        "type_info": "Int2"
      },
      {
        "ordinal": 3,
        "name": "headers",
        "type_info": "Jsonb"
      },
      {
        "ordinal": 4,
        "name": "body",
        "type_info": "Text"
      },
      {
        "ordinal": 5,
        "name": "elapsed_time_ms",
        "type_info": "Int4"
      }
    ],
    "parameters": {
      "Left": [
        "Uuid",
        "Uuid"
      ]
    },
    "nullable": [
      false,
      true,
      true,
      true,
      true,
      true
    ]
  },
  "hash": "75c3aa82e6a7fd6d7ef407b312670fa722dca1e941b8d9c5c2cc18d165d11e6b"
}
