{
  "db_name": "PostgreSQL",
  "query": "\n                    UPDATE iam.token\n                    SET expired_at = statement_timestamp()\n                    WHERE token__id = $1\n                        AND type = 'service_access'\n                        AND organization__id = $2\n                ",
  "describe": {
    "columns": [],
    "parameters": {
      "Left": [
        "Uuid",
        "Uuid"
      ]
    },
    "nullable": []
  },
  "hash": "e03eec17c77cf6dd93dc085a1b5cff6da8d71ea92052c718a49aea51c46f421a"
}
