{
  "db_name": "PostgreSQL",
  "query": "SELECT application__id AS application_id, organization__id AS organization_id, name FROM event.application WHERE organization__id = $1",
  "describe": {
    "columns": [
      {
        "ordinal": 0,
        "name": "application_id",
        "type_info": "Uuid"
      },
      {
        "ordinal": 1,
        "name": "organization_id",
        "type_info": "Uuid"
      },
      {
        "ordinal": 2,
        "name": "name",
        "type_info": "Text"
      }
    ],
    "parameters": {
      "Left": [
        "Uuid"
      ]
    },
    "nullable": [
      false,
      false,
      false
    ]
  },
  "hash": "1083720fa3fc34eb868bc4f267a0166e4b75307a8f90bf95e2627e8169895252"
}
