{
  "db_name": "PostgreSQL",
  "query": "\n            DELETE FROM webhook.response\n            USING webhook.response AS r\n            LEFT OUTER JOIN webhook.request_attempt AS ra ON ra.response__id = r.response__id\n            WHERE webhook.response.response__id = r.response__id\n                AND ra.response__id IS NULL\n        ",
  "describe": {
    "columns": [],
    "parameters": {
      "Left": []
    },
    "nullable": []
  },
  "hash": "083110c7b27703c4f0da3f6542138d6d871ff909bf092742846edbe7d145931e"
}
