{
  "db_name": "PostgreSQL",
  "query": "\n                                SELECT p.members_per_organization_limit AS val\n                                FROM event.application AS a\n                                INNER JOIN iam.organization AS o ON o.organization__id = a.organization__id\n                                LEFT JOIN pricing.price AS pr ON pr.price__id = o.price__id\n                                LEFT JOIN pricing.plan AS p ON p.plan__id = pr.plan__id\n                                WHERE a.application__id = $1\n                            ",
  "describe": {
    "columns": [
      {
        "ordinal": 0,
        "name": "val",
        "type_info": "Int4"
      }
    ],
    "parameters": {
      "Left": [
        "Uuid"
      ]
    },
    "nullable": [
      true
    ]
  },
  "hash": "5668ae9f8f67f7c3768f341fdc30acd250f96716b566ea8148ee5953803eff1d"
}
