{
  "db_name": "PostgreSQL",
  "query": "\n            SELECT name, token, created_at, deleted_at\n            FROM event.application_secret\n            WHERE deleted_at IS NULL AND application__id = $1\n            ORDER BY created_at ASC\n        ",
  "describe": {
    "columns": [
      {
        "ordinal": 0,
        "name": "name",
        "type_info": "Text"
      },
      {
        "ordinal": 1,
        "name": "token",
        "type_info": "Uuid"
      },
      {
        "ordinal": 2,
        "name": "created_at",
        "type_info": "Timestamptz"
      },
      {
        "ordinal": 3,
        "name": "deleted_at",
        "type_info": "Timestamptz"
      }
    ],
    "parameters": {
      "Left": [
        "Uuid"
      ]
    },
    "nullable": [
      true,
      false,
      false,
      true
    ]
  },
  "hash": "9d71200b2a128a11f538b5f08f6bf140560bbd678315903d2352d1932181e3bb"
}
