{
  "db_name": "PostgreSQL",
  "query": "\n            SELECT u.user__id AS user_id, u.email, u.first_name, u.last_name, uo.role\n            FROM iam.user AS u\n            INNER JOIN iam.user__organization AS uo ON uo.user__id = u.user__id\n            WHERE uo.organization__id = $1\n        ",
  "describe": {
    "columns": [
      {
        "ordinal": 0,
        "name": "user_id",
        "type_info": "Uuid"
      },
      {
        "ordinal": 1,
        "name": "email",
        "type_info": "Text"
      },
      {
        "ordinal": 2,
        "name": "first_name",
        "type_info": "Text"
      },
      {
        "ordinal": 3,
        "name": "last_name",
        "type_info": "Text"
      },
      {
        "ordinal": 4,
        "name": "role",
        "type_info": "Text"
      }
    ],
    "parameters": {
      "Left": [
        "Uuid"
      ]
    },
    "nullable": [
      false,
      false,
      false,
      false,
      false
    ]
  },
  "hash": "3ed4d151d31b2b3f8609c11c69287e8d2b9c11243f3ab98a73fffe703cb9e9b2"
}
