{
  "db_name": "PostgreSQL",
  "query": "\n            SELECT o.price__id\n            FROM event.application AS a\n            INNER JOIN iam.organization AS o ON o.organization__id = a.organization__id\n            WHERE a.application__id = $1\n        ",
  "describe": {
    "columns": [
      {
        "ordinal": 0,
        "name": "price__id",
        "type_info": "Uuid"
      }
    ],
    "parameters": {
      "Left": [
        "Uuid"
      ]
    },
    "nullable": [
      true
    ]
  },
  "hash": "c2032d0bc68070b7a9ab22cf8d32f3b5cfa52e5e9882dff325eca049f789e00e"
}
