{
  "db_name": "PostgreSQL",
  "query": "\n                    INSERT INTO iam.token (type, revocation_id, organization__id, name, biscuit)\n                    VALUES ('service_access', $1, $2, $3, $4)\n                    RETURNING token__id AS token_id, name AS \"name!\", biscuit AS \"biscuit!\", created_at\n                ",
  "describe": {
    "columns": [
      {
        "ordinal": 0,
        "name": "token_id",
        "type_info": "Uuid"
      },
      {
        "ordinal": 1,
        "name": "name!",
        "type_info": "Text"
      },
      {
        "ordinal": 2,
        "name": "biscuit!",
        "type_info": "Text"
      },
      {
        "ordinal": 3,
        "name": "created_at",
        "type_info": "Timestamptz"
      }
    ],
    "parameters": {
      "Left": [
        "Bytea",
        "Uuid",
        "Text",
        "Text"
      ]
    },
    "nullable": [
      false,
      true,
      true,
      false
    ]
  },
  "hash": "e337ca915dcf9e35339a08ea8b64a83e6a25258d1d39a48d7c73d6268c864aa7"
}
