{
  "db_name": "PostgreSQL",
  "query": "\n                    INSERT INTO event.event (application__id, event__id, event_type__name, payload, payload_content_type, ip, metadata, occurred_at, received_at, labels)\n                    VALUES ($1, $2, $3, $4, $5, $6, $7, $8, statement_timestamp(), $9)\n                    RETURNING application__id AS application_id, event__id AS event_id, received_at\n                ",
  "describe": {
    "columns": [
      {
        "ordinal": 0,
        "name": "application_id",
        "type_info": "Uuid"
      },
      {
        "ordinal": 1,
        "name": "event_id",
        "type_info": "Uuid"
      },
      {
        "ordinal": 2,
        "name": "received_at",
        "type_info": "Timestamptz"
      }
    ],
    "parameters": {
      "Left": [
        "Uuid",
        "Uuid",
        "Text",
        "Bytea",
        "Text",
        "Inet",
        "Jsonb",
        "Timestamptz",
        "Jsonb"
      ]
    },
    "nullable": [
      false,
      false,
      false
    ]
  },
  "hash": "28630bcf9952a728913af3e5c027484e29122463d784d0593ae49a8f3324b835"
}
