{
  "db_name": "PostgreSQL",
  "query": "\n                            SELECT a.days_of_events_retention_limit AS val\n                            FROM event.application AS a\n                            INNER JOIN iam.organization AS o ON o.organization__id = a.organization__id\n                            LEFT JOIN pricing.price AS pr ON pr.price__id = o.price__id\n                            LEFT JOIN pricing.plan AS p ON p.plan__id = pr.plan__id\n                            WHERE a.application__id = $1\n                        ",
  "describe": {
    "columns": [
      {
        "ordinal": 0,
        "name": "val",
        "type_info": "Int4"
      }
    ],
    "parameters": {
      "Left": [
        "Uuid"
      ]
    },
    "nullable": [
      true
    ]
  },
  "hash": "3d445d9781a338c5617b2eb16b4c0b33f7ea11b68b71a89f0cea3530eec5daf6"
}
