{
  "db_name": "PostgreSQL",
  "query": "\n                UPDATE event.application\n                SET name = $1 WHERE application__id = $2\n                RETURNING application__id AS application_id, organization__id AS organization_id, name\n            ",
  "describe": {
    "columns": [
      {
        "ordinal": 0,
        "name": "application_id",
        "type_info": "Uuid"
      },
      {
        "ordinal": 1,
        "name": "organization_id",
        "type_info": "Uuid"
      },
      {
        "ordinal": 2,
        "name": "name",
        "type_info": "Text"
      }
    ],
    "parameters": {
      "Left": [
        "Text",
        "Uuid"
      ]
    },
    "nullable": [
      false,
      false,
      false
    ]
  },
  "hash": "73e8ce532801e8ba0af0a1e35ce39ed17386d31dac6be99749c62d61f33c4539"
}
