{
  "db_name": "PostgreSQL",
  "query": "\n                            SELECT p.days_of_events_retention_limit AS val\n                            FROM iam.organization AS o\n                            LEFT JOIN pricing.price AS pr ON pr.price__id = o.price__id\n                            LEFT JOIN pricing.plan AS p ON p.plan__id = pr.plan__id\n                            WHERE o.organization__id = $1\n                        ",
  "describe": {
    "columns": [
      {
        "ordinal": 0,
        "name": "val",
        "type_info": "Int4"
      }
    ],
    "parameters": {
      "Left": [
        "Uuid"
      ]
    },
    "nullable": [
      true
    ]
  },
  "hash": "0ecb077a7c171b1340c7570f3c8f6744f757fb4a3fd618daeb27431c215c8ead"
}
