{
  "db_name": "PostgreSQL",
  "query": "\n            INSERT INTO event.application_secret (application__id, name)\n            VALUES ($1, $2)\n            RETURNING name, token, created_at, deleted_at\n        ",
  "describe": {
    "columns": [
      {
        "ordinal": 0,
        "name": "name",
        "type_info": "Text"
      },
      {
        "ordinal": 1,
        "name": "token",
        "type_info": "Uuid"
      },
      {
        "ordinal": 2,
        "name": "created_at",
        "type_info": "Timestamptz"
      },
      {
        "ordinal": 3,
        "name": "deleted_at",
        "type_info": "Timestamptz"
      }
    ],
    "parameters": {
      "Left": [
        "Uuid",
        "Text"
      ]
    },
    "nullable": [
      true,
      false,
      false,
      true
    ]
  },
  "hash": "3c80dc303c2b9edef6646c3fc526acd63ea830f5b62f8007fe371ffbe3c14876"
}
