{
  "db_name": "PostgreSQL",
  "query": "\n                INSERT INTO event.application (organization__id, name) VALUES ($1, $2)\n                RETURNING application__id AS application_id, organization__id AS organization_id, name\n            ",
  "describe": {
    "columns": [
      {
        "ordinal": 0,
        "name": "application_id",
        "type_info": "Uuid"
      },
      {
        "ordinal": 1,
        "name": "organization_id",
        "type_info": "Uuid"
      },
      {
        "ordinal": 2,
        "name": "name",
        "type_info": "Text"
      }
    ],
    "parameters": {
      "Left": [
        "Uuid",
        "Text"
      ]
    },
    "nullable": [
      false,
      false,
      false
    ]
  },
  "hash": "b5d4abddfdeae1cd7851e5e90d8e296a1855e69cba499f3238913cf8b2f6e5da"
}
