{
  "db_name": "PostgreSQL",
  "query": "\n                SELECT service__name AS service_name, resource_type__name AS resource_type_name, verb__name AS verb_name, event_type__name AS event_type_name\n                FROM event.event_type\n                WHERE application__id = $1 AND event_type__name = $2 AND deactivated_at IS NULL\n            ",
  "describe": {
    "columns": [
      {
        "ordinal": 0,
        "name": "service_name",
        "type_info": "Text"
      },
      {
        "ordinal": 1,
        "name": "resource_type_name",
        "type_info": "Text"
      },
      {
        "ordinal": 2,
        "name": "verb_name",
        "type_info": "Text"
      },
      {
        "ordinal": 3,
        "name": "event_type_name",
        "type_info": "Text"
      }
    ],
    "parameters": {
      "Left": [
        "Uuid",
        "Text"
      ]
    },
    "nullable": [
      false,
      false,
      false,
      false
    ]
  },
  "hash": "6a030d237fed5babe312cb4fa6b369f721adc9c7092d3d5cfd39896fa2aff36f"
}
