{
  "db_name": "PostgreSQL",
  "query": "\n                    SELECT ra.request_attempt__id, ra.event__id, ra.subscription__id, ra.created_at, ra.picked_at, ra.failed_at, ra.succeeded_at, ra.delay_until, ra.response__id, ra.retry_count, s.description AS subscription__description\n                    FROM webhook.request_attempt AS ra\n                    INNER JOIN webhook.subscription AS s ON s.subscription__id = ra.subscription__id\n                    WHERE s.application__id = $1 AND ra.event__id = $2 AND s.subscription__id = $3\n                    ORDER BY ra.created_at DESC\n                    LIMIT 50\n                ",
  "describe": {
    "columns": [
      {
        "ordinal": 0,
        "name": "request_attempt__id",
        "type_info": "Uuid"
      },
      {
        "ordinal": 1,
        "name": "event__id",
        "type_info": "Uuid"
      },
      {
        "ordinal": 2,
        "name": "subscription__id",
        "type_info": "Uuid"
      },
      {
        "ordinal": 3,
        "name": "created_at",
        "type_info": "Timestamptz"
      },
      {
        "ordinal": 4,
        "name": "picked_at",
        "type_info": "Timestamptz"
      },
      {
        "ordinal": 5,
        "name": "failed_at",
        "type_info": "Timestamptz"
      },
      {
        "ordinal": 6,
        "name": "succeeded_at",
        "type_info": "Timestamptz"
      },
      {
        "ordinal": 7,
        "name": "delay_until",
        "type_info": "Timestamptz"
      },
      {
        "ordinal": 8,
        "name": "response__id",
        "type_info": "Uuid"
      },
      {
        "ordinal": 9,
        "name": "retry_count",
        "type_info": "Int2"
      },
      {
        "ordinal": 10,
        "name": "subscription__description",
        "type_info": "Text"
      }
    ],
    "parameters": {
      "Left": [
        "Uuid",
        "Uuid",
        "Uuid"
      ]
    },
    "nullable": [
      false,
      false,
      false,
      false,
      true,
      true,
      true,
      true,
      true,
      false,
      true
    ]
  },
  "hash": "58930ccb11c49a5f08121f6d84b8e48df7f9edfaaa28e0feba3b18e52c4a7531"
}
