{
  "db_name": "PostgreSQL",
  "query": "\n                                                        SELECT a.organization__id AS organization_id, s.application__id AS application_id\n                                                        FROM event.application_secret AS s\n                                                        INNER JOIN event.application AS a ON a.application__id = s.application__id\n                                                        WHERE s.token = $1\n                                                            and s.deleted_at IS NULL\n                                                    ",
  "describe": {
    "columns": [
      {
        "ordinal": 0,
        "name": "organization_id",
        "type_info": "Uuid"
      },
      {
        "ordinal": 1,
        "name": "application_id",
        "type_info": "Uuid"
      }
    ],
    "parameters": {
      "Left": [
        "Uuid"
      ]
    },
    "nullable": [
      false,
      false
    ]
  },
  "hash": "3749bfd1b03eb00ab5157c3e5d519d800008c5f013e449646220db55fcf63e94"
}
