{
  "db_name": "PostgreSQL",
  "query": "\n                                SELECT p.days_of_events_retention_limit AS val\n                                FROM event.application AS a\n                                INNER JOIN iam.organization AS o ON o.organization__id = a.organization__id\n                                LEFT JOIN pricing.price AS pr ON pr.price__id = o.price__id\n                                LEFT JOIN pricing.plan AS p ON p.plan__id = pr.plan__id\n                                WHERE a.application__id = $1\n                            ",
  "describe": {
    "columns": [
      {
        "ordinal": 0,
        "name": "val",
        "type_info": "Int4"
      }
    ],
    "parameters": {
      "Left": [
        "Uuid"
      ]
    },
    "nullable": [
      true
    ]
  },
  "hash": "7cb46396e6dee3991abdc01d990c73f8a4a349ee669185420a8ab9e81cd65f4b"
}
