{
  "db_name": "PostgreSQL",
  "query": "\n            SELECT user__id AS user_id, email, first_name, last_name\n            FROM iam.user\n            WHERE email = $1\n        ",
  "describe": {
    "columns": [
      {
        "ordinal": 0,
        "name": "user_id",
        "type_info": "Uuid"
      },
      {
        "ordinal": 1,
        "name": "email",
        "type_info": "Text"
      },
      {
        "ordinal": 2,
        "name": "first_name",
        "type_info": "Text"
      },
      {
        "ordinal": 3,
        "name": "last_name",
        "type_info": "Text"
      }
    ],
    "parameters": {
      "Left": [
        "Text"
      ]
    },
    "nullable": [
      false,
      false,
      false,
      false
    ]
  },
  "hash": "eec1707a7762a25dda7efd1e23580178d532158f6b9ee86cc7a3703bb33875f7"
}
