{
  "db_name": "PostgreSQL",
  "query": "\n                    UPDATE webhook.request_attempt\n                    SET picked_at = statement_timestamp(), worker_name = $1, worker_version = $2\n                    WHERE request_attempt__id = $3\n                ",
  "describe": {
    "columns": [],
    "parameters": {
      "Left": [
        "Text",
        "Text",
        "Uuid"
      ]
    },
    "nullable": []
  },
  "hash": "e9487117fd8d99a1824c89152f8c43c3577d8c3958f0364c519e2ccc32f0e038"
}
