{
  "db_name": "PostgreSQL",
  "query": "\n            SELECT true AS whatever\n            FROM webhook.subscription\n            WHERE subscription__id = $1 AND deleted_at IS NULL AND is_enabled\n        ",
  "describe": {
    "columns": [
      {
        "ordinal": 0,
        "name": "whatever",
        "type_info": "Bool"
      }
    ],
    "parameters": {
      "Left": [
        "Uuid"
      ]
    },
    "nullable": [
      null
    ]
  },
  "hash": "b64e544fcc0522a6971f053aaeead080ccac32ccac36b012668e86b09747c166"
}
