{
  "db_name": "PostgreSQL",
  "query": "\n                            INSERT INTO webhook.request_attempt (event__id, subscription__id, delay_until, retry_count)\n                            VALUES ($1, $2, statement_timestamp() + $3, $4)\n                            RETURNING request_attempt__id\n                        ",
  "describe": {
    "columns": [
      {
        "ordinal": 0,
        "name": "request_attempt__id",
        "type_info": "Uuid"
      }
    ],
    "parameters": {
      "Left": [
        "Uuid",
        "Uuid",
        "Interval",
        "Int2"
      ]
    },
    "nullable": [
      false
    ]
  },
  "hash": "26143cbe26cb8833208d5695a4eaa1ed65d1864088821903036330ba0037fa0d"
}
